vm_control,total_sale,avg_sale,n_transac,n_products,n_categories,avg_qty,customer,op_center,pos_location,active_days,transac_per_day,cluster
6739,1805.25,3.080631399317406,586,32,6,1.3447098976109215,AAFES Fort Bliss,El Paso,Bldg 21224 Lobby - ,152,3.8552631578947367,0
12089,510.75,2.7608108108108107,185,30,4,1.1675675675675676,AAFES Fort Bliss,El Paso,Bldg 21210 Entrance - 21210 Bayonet Avenue,72,2.5694444444444446,0
12414,1800.25,3.1092400690846285,579,33,5,1.307426597582038,AAFES Fort Bliss,El Paso,Bldg 20145 Hallway - 20145 Kasserine Way,111,5.216216216216216,0
12478,434.75,2.3373655913978495,186,30,5,1.0591397849462365,U.S Department of Homeland Security,El Paso,US Postal Office - Remcon - 7383 Remcon Circle,121,1.537190082644628,0
12484,1330.5,3.2372262773722627,411,31,6,1.362530413625304,AAFES Fort Bliss,El Paso,Bldg 11203 East Entrance - 11115 Sergeant Sims Street,102,4.029411764705882,0
12485,1260.5,2.6151452282157677,482,30,5,1.2738589211618256,Oak Tree Hotel,El Paso,Oak tree Hotel - Hallway,158,3.050632911392405,0
12499,3557.5,3.3784425451092117,1053,32,6,1.5251661918328585,AAFES Fort Bliss,El Paso,Bldg 21166 Lobby - ,208,5.0625,0
12502,963.25,2.0067708333333334,480,27,5,1.125,University of Texas at El Paso,El Paso,UTEP - Library - Basement,158,3.037974683544304,0
12836,1544.5,2.511382113821138,615,32,5,1.1414634146341462,U.S Department of Homeland Security,El Paso,US Customs - 6070 Gateway Blvd East,204,3.014705882352941,0
12879,3765.25,3.3439165186500888,1126,32,5,1.4085257548845471,AAFES Fort Bliss,El Paso,Bldg 1004 Lobby - 1004 Chaffee Road,181,6.220994475138122,2
12881,1614.25,2.75,587,32,5,1.149914821124361,AAFES Fort Bliss,El Paso,Bldg 11176 Hallway - ,160,3.66875,0
12886,635.0,2.8863636363636362,220,32,5,1.2727272727272727,AAFES Fort Bliss,El Paso,Ft Bliss Bldg 747 Breakroom - ,60,3.6666666666666665,0
12891,1535.5,3.0226377952755907,508,31,5,1.2933070866141732,AAFES Fort Bliss,El Paso,Bldg 5794 Breakroom - ,132,3.8484848484848486,0
12894,1665.0,2.865748709122203,581,28,5,1.1858864027538727,AAFES Fort Bliss,El Paso,Bldg 11342 - 11342 Sergeant Sims Street,201,2.890547263681592,0
12897,344.25,2.295,150,25,5,1.0733333333333333,Werner Socorro,El Paso,Back Breakroom - 9231 Socorro Logistics Lane,96,1.5625,0
13349,3496.0,3.3974732750242955,1029,32,6,1.4275996112730807,AAFES Fort Bliss,El Paso,Bldg 21182 Lobby - ,185,5.562162162162162,0
13616,1071.45,2.4744803695150117,433,34,5,1.1778290993071594,TriWest Healthcare Alliance,El Paso,Triwest - Breakroom,155,2.793548387096774,0
14428,214.0,2.779220779220779,77,21,5,1.1688311688311688,AAFES Fort Bliss,El Paso,Bldg 2488 Hallway - ,36,2.138888888888889,0
14856,577.0,1.969283276450512,293,28,5,1.1843003412969284,San Elizario ISD,El Paso,Lorenzo Alarcon Elementary Lounge - 12501 Socorro Road,110,2.6636363636363636,0
14858,702.45,3.0674672489082973,229,29,5,1.240174672489083,AAFES Fort Bliss,El Paso,Bldg 1053 Breakroom - ,71,3.2253521126760565,0
14931,69.25,6.295454545454546,11,8,4,2.5454545454545454,AAFES Fort Bliss,El Paso,Bldg 2954 Back Hallway - ,11,1.0,1
14946,2097.5,3.490016638935108,601,32,5,1.464226289517471,AAFES Fort Bliss,El Paso,Bldg 21145 Hallway - ,64,9.390625,2
14991,3390.0,2.8439597315436242,1192,32,6,1.3280201342281879,C3i Solutions,El Paso,C3i - Breakroom,208,5.730769230769231,2
14992,30.25,1.7794117647058822,17,13,4,1.0,University of Texas at El Paso,El Paso,UTEP - Library - Basement,13,1.3076923076923077,1
14994,378.75,2.3820754716981134,159,22,6,1.0880503144654088,Hoy Fox Group,El Paso,Hoy Fox - Acura - Shop,100,1.59,0
20499,1365.25,3.3544226044226044,407,31,5,1.402948402948403,AAFES Fort Bliss,El Paso,Bldg 21210 Entrance - ,63,6.4603174603174605,0
20500,5176.5,5.110069101678183,1013,33,5,2.1954590325765055,AAFES Fort Bliss,El Paso,21135 Quartermaster Avenue - 21135 Quartermaster Avenue,113,8.964601769911505,2
20569,2932.0,2.1558823529411764,1360,31,5,1.2308823529411765,Steris,El Paso,Isomedix - 1435 Isomedix Place,251,5.418326693227091,2
20570,805.5,2.856382978723404,282,32,5,1.2056737588652482,AAFES Fort Bliss,El Paso,Bldg 13405 Entrance - 13405 Sergeant Sims Street,65,4.338461538461538,0
20733,215.0,2.721518987341772,79,23,4,1.1772151898734178,AAFES Fort Bliss,El Paso,Bldg 2496 Lobby - ,33,2.393939393939394,0
20761,1032.0,2.1322314049586777,484,33,5,1.1838842975206612,University of Texas at El Paso,El Paso,Graduate Business Center - 500 West University Avenue,151,3.205298013245033,0
20792,1965.5,3.522401433691756,558,31,6,1.4982078853046594,AAFES Fort Bliss,El Paso,Bldg 1611 Breakroom - 1611 Marshall Road,191,2.9214659685863875,0
20797,705.0,6.130434782608695,115,6,2,1.4608695652173913,Federal Corrections Inst. La Tuna,El Paso,Camp - 8500 Doniphan Road,39,2.948717948717949,1
20876,1078.0,2.411633109619687,447,30,5,1.116331096196868,Toro Irrigation,El Paso,Distribution - Back - 1440 Don Haskins Drive,169,2.6449704142011834,0
20885,1029.0,2.5344827586206895,406,32,5,1.1477832512315271,Drive Time,El Paso,Drive Time - Lobby,150,2.7066666666666666,0
20889,40.75,2.3970588235294117,17,11,4,1.0,AAFES Fort Bliss,El Paso,Bldg 777 Breakroom - 777 Chaffee Road,14,1.2142857142857142,1
20915,3504.5,2.6629939209726445,1316,37,5,1.2272036474164134,MSD,El Paso,MSD - Breakroom,214,6.149532710280374,2
20927,723.25,1.9547297297297297,370,28,5,1.0864864864864865,University of Texas at El Paso,El Paso,UTEP - Library - Basement,169,2.1893491124260356,0
20929,1800.25,2.015957446808511,893,31,5,1.2038073908174691,Steris,El Paso,Steris - Don Haskins - Breakroom,240,3.720833333333333,0
20982,2433.75,2.3334132310642377,1043,32,5,1.2914669223394055,University of Texas at El Paso,El Paso,UTEP - Library - Basement,203,5.137931034482759,0
21290,3006.75,3.304120879120879,910,32,5,1.3868131868131868,AAFES Fort Bliss,El Paso,Bldg 20265 Lobby - 20265 Anzio Way,176,5.170454545454546,0
21327,3475.75,2.6654524539877302,1304,29,5,1.4739263803680982,University of Texas at El Paso,El Paso,UTEP - Library - Basement,172,7.5813953488372094,2
21339,2260.0,3.2992700729927007,685,32,5,1.3868613138686132,AAFES Fort Bliss,El Paso,McGregor Range Bldg 9903 Lobby - ,121,5.661157024793388,0
21451,3396.5,3.1713352007469653,1071,32,5,1.3314659197012138,AAFES Fort Bliss,El Paso,Bldg 20205 Lobby - Bldg 20205 Lobby,192,5.578125,0
21456,1591.0,3.3707627118644066,472,30,6,1.4088983050847457,AAFES Fort Bliss,El Paso,Bldg 20300 Lobby - ,101,4.673267326732673,0
21490,557.5,2.9036458333333335,192,29,5,1.2135416666666667,AAFES Fort Bliss,El Paso,Bldg 880 Lobby - ,103,1.8640776699029127,0
21549,1920.75,3.352094240837696,573,32,5,1.411867364746946,AAFES Fort Bliss,El Paso,Bldg 2475 Breakroom - ,123,4.658536585365853,0
21597,180.25,2.61231884057971,69,23,5,1.1159420289855073,AAFES Fort Bliss,El Paso,Bldg 1660 Breakroom - ,43,1.6046511627906976,0
21619,967.75,3.0336990595611284,319,32,5,1.2821316614420062,AAFES Fort Bliss,El Paso,Bldg 3707 - Hallway,90,3.5444444444444443,0
21665,924.5,2.7762762762762763,333,28,5,1.165165165165165,AAFES Fort Bliss,El Paso,Bldg 21185 Hallway - ,153,2.176470588235294,0
21693,1604.5,3.1709486166007905,506,32,5,1.3715415019762847,AAFES Fort Bliss,El Paso,Bldg 11250 1st Fl Hallway - ,86,5.883720930232558,0
21714,3156.0,3.5183946488294313,897,31,6,1.7591973244147157,AAFES Fort Bliss,El Paso,Bldg 11055 - 11055 Railroad Avenue,142,6.316901408450704,0
21740,4133.0,3.606457242582897,1146,33,6,1.5104712041884816,AAFES Fort Bliss,El Paso,Bldg 20515 Entrance - ,165,6.945454545454545,2
21741,263.25,2.393181818181818,110,27,5,1.1272727272727272,Housing Authority,El Paso,Father Pinto - Housing Authority - Hallway,69,1.5942028985507246,0
21745,1548.75,2.5556930693069306,606,31,5,1.1683168316831682,Housing Authority,El Paso,Texas Lobby - Housing Authority - Mail box lobby,204,2.9705882352941178,0
21753,2702.5,3.469191270860077,779,32,6,1.4582798459563544,AAFES Fort Bliss,El Paso,Bldg 21207 Lobby - 21207 Bayonet Avenue,174,4.477011494252873,0
21755,1871.5,2.212174940898345,846,29,5,1.2174940898345155,University of Texas at El Paso,El Paso,UTEP - Library - Basement,162,5.222222222222222,0
21762,3320.75,3.491850683491062,951,32,5,1.4679284963196635,AAFES Fort Bliss,El Paso,McGregor Range Bldg 9464 Hallway - ,164,5.798780487804878,0
21792,2239.0,2.5647193585337917,873,32,6,1.175257731958763,Oveana,El Paso,First Floor Breakroom - 2211 East Missouri Avenue,199,4.386934673366834,0
21830,8053.75,3.0073749066467514,2678,36,6,1.655713218820015,University of Texas at El Paso,El Paso,UTEP - Library - Basement,216,12.398148148148149,2
21831,730.35,2.0748579545454544,352,27,6,1.1221590909090908,Otero County Processing Center,El Paso,Ice Lounge - 25 McGregor Range Rd,121,2.909090909090909,0
21832,1154.25,2.435126582278481,474,31,5,1.0949367088607596,Petro Lube,El Paso,Showroom - 601 Vinton Road,184,2.5760869565217392,0
21835,7624.25,3.5264801110083255,2162,37,5,1.5929694727104533,Dismas Charities - Las Cruces,El Paso,Dismas Las Cruces Outside - ,272,7.948529411764706,2
21859,2943.75,2.3720789685737307,1241,33,4,1.4899274778404512,HMS Host (EPIA),El Paso,Airport - Maintenance - 6701 Convair Road,145,8.558620689655172,2
21870,4485.75,4.0303234501347704,1113,32,5,1.701707097933513,AAFES Fort Bliss,El Paso,20194 Minue Drive - 20194 Minue Drive,128,8.6953125,2
21871,918.5,2.6778425655976674,343,30,5,1.1282798833819243,AAFES Fort Bliss,El Paso,Bldg 2607 - ,162,2.117283950617284,0
21883,86.75,2.3445945945945947,37,19,5,1.3783783783783783,San Elizario ISD,El Paso,Garcia Enriquez Middle School Front Lounge - 12280 Socorro Road,23,1.608695652173913,0
21917,5415.0,3.17968291250734,1703,28,5,1.7815619495008808,University of Texas at El Paso,El Paso,UTEP - Library - Basement,205,8.307317073170731,2
21983,3232.5,3.5212418300653594,918,33,5,1.508714596949891,AAFES Fort Bliss,El Paso,Bldg 20425 Entrance - 20425 Gulf Victory Way,162,5.666666666666667,0
21984,2805.5,2.2038491751767477,1273,29,5,1.2223095051060486,University of Texas at El Paso,El Paso,UTEP - Library - Basement,211,6.033175355450237,2
21999,276.25,2.847938144329897,97,29,4,1.2061855670103092,AAFES Fort Bliss,El Paso,Bldg 505 Lobby - ,40,2.425,0
22208,3978.5,3.5301685891748003,1127,32,6,1.4818101153504881,AAFES Fort Bliss,El Paso,Bldg 20250 Lobby - 20250 Eagle Way,175,6.44,2
22211,1688.25,2.6337753510140405,641,30,5,1.202808112324493,Werner Enterprises Inc.,El Paso,Breakroom - 13000 Gateway East,194,3.304123711340206,0
22220,3779.75,2.4401226597805037,1549,36,5,1.3531310522918012,University of Texas at El Paso,El Paso,UTEP - Library - Basement,223,6.946188340807175,2
22258,2100.25,2.2828804347826086,920,31,5,1.275,University of Texas at El Paso,El Paso,UTEP - Library - Basement,195,4.717948717948718,0
22420,715.75,1.9826869806094183,361,31,5,1.113573407202216,University of Texas at El Paso,El Paso,UTEP - Library - Basement,117,3.0854700854700856,0
22435,628.75,2.675531914893617,235,29,5,1.1148936170212767,AAFES Fort Bliss,El Paso,Bldg 5876 Hallway - ,96,2.4479166666666665,0
22460,680.0,3.238095238095238,210,30,5,1.3476190476190477,AAFES Fort Bliss,El Paso,Bldg 725 Entrance - ,72,2.9166666666666665,0
22509,2296.0,3.0818791946308726,745,28,5,1.4590604026845637,AAFES Fort Bliss,El Paso,Bldg 21165 Lobby - ,172,4.3313953488372094,0
22627,517.0,1.9291044776119404,268,33,5,1.078358208955224,University of Texas at El Paso,El Paso,UTEP - Library - Basement,127,2.1102362204724407,0
22628,1894.1000000000001,2.861178247734139,662,38,6,1.448640483383686,Otero County Prison Facility,El Paso,Visitation - 10 McGregor Range Road,104,6.365384615384615,0
22671,3967.5,2.3462448255470134,1691,37,6,1.3571850975753992,Toro Irrigation,El Paso,Wharehouse - Extrusion - 9455 Railroad Drive,242,6.987603305785124,2
22718,6313.0,3.013365155131265,2095,38,7,1.6601431980906922,University of Texas at El Paso,El Paso,UTEP - Library - Basement,223,9.394618834080717,2
22725,160.5,2.2291666666666665,72,14,3,1.0833333333333333,Phelps Dodge/ Freeport McMoran,El Paso,Rod Mill - 6999 N Loop Dr,52,1.3846153846153846,1
22794,273.0,1.9090909090909092,143,16,2,1.0909090909090908,University of Texas at El Paso,El Paso,UTEP - Library - Basement,61,2.3442622950819674,1
22843,2159.55,2.4374153498871336,886,32,5,1.3036117381489842,Otero County Prison Facility,El Paso,Visitation - 10 McGregor Range Road,245,3.6163265306122447,0
22871,2916.0,2.6035714285714286,1120,32,5,1.2107142857142856,Oveana,El Paso,First Floor Breakroom - 2211 East Missouri Avenue,211,5.308056872037914,0
22872,583.5,2.0402097902097904,286,34,6,1.1398601398601398,La Quinta Inn & Suites,El Paso,La Quinta - Barlett West - 3rd floor,126,2.2698412698412698,0
22882,421.75,1.9257990867579908,219,32,5,1.1278538812785388,San Elizario ISD,El Paso,San Elizario High School Back Lounge - 13981 Socorro Road,92,2.380434782608696,0
22883,1342.25,2.178977272727273,616,14,2,1.24512987012987,University of Texas at El Paso,El Paso,UTEP - Library - Basement,148,4.162162162162162,1
22884,1932.0,2.220689655172414,870,29,6,1.2402298850574713,University of Texas at El Paso,El Paso,UTEP - Library - Basement,204,4.264705882352941,0
22905,1906.25,2.677317415730337,712,32,6,1.228932584269663,Western Precast,El Paso,Western Precast - Breakroom,192,3.7083333333333335,0
22906,1727.5,2.586077844311377,668,31,6,1.1796407185628743,Kenworth MHC,El Paso,MHC Kenworth El Paso - Breakroom,176,3.7954545454545454,0
22916,2046.75,2.222312703583062,921,28,5,1.234527687296417,University of Texas at El Paso,El Paso,UTEP - Library - Basement,191,4.821989528795812,0
22919,2489.4,3.0924223602484475,805,33,6,1.3006211180124223,AAFES Fort Bliss,El Paso,Bldg 20600 Lobby - 20600 Cold War Drive,189,4.2592592592592595,0
22935,599.25,1.5564935064935066,385,28,4,1.4025974025974026,HMS Host (EPIA),El Paso,Airport - Maintenance - 6701 Convair Road,111,3.4684684684684686,0
22956,4365.12,2.6455272727272727,1650,35,5,1.5042424242424242,University of Texas at El Paso,El Paso,UTEP - Library - Basement,192,8.59375,2
22975,3102.5,3.5619977037887485,871,40,6,1.497129735935706,AAFES Fort Bliss,El Paso,Bldg 11055 - 11055 Railroad Avenue,130,6.7,2
22976,1396.5,2.983974358974359,468,40,6,1.2521367521367521,AAFES Fort Bliss,El Paso,Bldg 20355 Lobby - ,94,4.9787234042553195,0
22999,776.75,3.3625541125541125,231,29,4,1.4112554112554112,AAFES Fort Bliss,El Paso,20100 Eagle Way - 20100 Eagle Way,45,5.133333333333334,0
23036,5391.75,2.84375,1896,38,6,1.2885021097046414,Werner Inc,El Paso,Werner - Back Breakroom,210,9.028571428571428,2
23113,3346.0,3.1447368421052633,1064,39,6,1.5714285714285714,Otero County Prison Facility,El Paso,Visitation - 10 McGregor Range Road,135,7.881481481481481,2
23178,2890.15,2.526354895104895,1144,32,6,1.340034965034965,Otero County Prison Facility,El Paso,Visitation - 10 McGregor Range Road,252,4.5396825396825395,0
23180,7668.0,4.7450495049504955,1616,41,5,1.9925742574257426,AAFES Fort Bliss,El Paso,McGregor Range Bldg 9448 - 9448 Ledford,112,14.428571428571429,2
23192,2826.0,2.834503510531595,997,32,8,1.3019057171514543,Red Roof Inn - East,El Paso,Red Roof Inn - 3rd Floor,150,6.6466666666666665,2
23193,1866.75,2.3305243445692883,801,28,5,1.289637952559301,University of Texas at El Paso,El Paso,UTEP - Library - Basement,150,5.34,0
23532,2725.75,2.288623005877414,1191,32,5,1.1880772460117548,VA Wellness Center,El Paso,Lobby - 350 Revere Street,203,5.8669950738916254,2
23540,907.5,2.8183229813664594,322,35,5,1.5683229813664596,University of Texas at El Paso,El Paso,College of Nursing - Breakroom,30,10.733333333333333,2
23556,2199.0,2.7521902377972465,799,37,4,1.2553191489361701,Red Roof Inn - East,El Paso,Red Roof Inn - 3rd Floor,112,7.133928571428571,2
23557,1724.75,2.768459069020867,623,36,5,1.276083467094703,N.E. Christian Academy,El Paso,Breakroom - 9901 McCombs,147,4.238095238095238,0
23559,2901.25,2.024598743893929,1433,41,5,1.217725052337753,J.C. PENNEY,El Paso,Cielo Vista Brkrm - JCPenney Cielo Vista,262,5.469465648854962,2
23604,1717.25,2.0664861612515044,831,39,5,1.151624548736462,University of Texas at El Paso,El Paso,UTEP - Library - Basement,185,4.491891891891892,0
24115,185.5,2.2901234567901234,81,17,4,1.0617283950617284,Plastic Molding Technology Inc.,El Paso,Plastic Molding Technology - Employee entrance,39,2.076923076923077,1
24120,7636.5,5.114869390488948,1493,41,5,2.1701272605492297,AAFES Fort Bliss,El Paso,Bldg 1717 - 1717 Marshall Road,138,10.818840579710145,2
24122,1789.25,4.407019704433497,406,32,5,1.8522167487684729,AAFES Fort Bliss,El Paso,Bldg 2629 Hallway - ,60,6.766666666666667,0
24124,1717.41,2.104669117647059,816,31,6,1.1274509803921569,Sam's Club,El Paso,Gateway Store - 9498 Gateway North Boulevard,233,3.5021459227467813,0
24137,3524.25,2.422164948453608,1455,35,6,1.3491408934707905,University of Texas at El Paso,El Paso,UTEP - Library - Basement,249,5.843373493975903,2
24138,468.25,2.413659793814433,194,31,6,1.097938144329897,Radisson Hotel,El Paso,3rd Floor - 1770 Airway Drive,99,1.9595959595959596,0
24142,278.0,1.9305555555555556,144,30,5,1.0694444444444444,University of Texas at El Paso,El Paso,UTEP - Library - Basement,101,1.4257425742574257,0
24144,3234.5,3.2937881873727086,982,31,6,1.3839103869653768,AAFES Fort Bliss,El Paso,21255 Bayonet Avenue - 21255 Bayonet Avenue,147,6.680272108843537,2
24145,958.65,2.7948979591836736,343,33,5,1.206997084548105,AAFES Fort Bliss,El Paso,Bldg 21170 Lobby - ,112,3.0625,0
24147,3132.0,2.8946395563770797,1082,31,6,1.3290203327171903,Productos Real,El Paso,Breakroom - 1100 Pendale Road,195,5.5487179487179485,0
24157,2877.0,3.1895787139689578,902,32,5,1.3470066518847006,AAFES Fort Bliss,El Paso,McGregor Range Bldg 9437 Breakroom - ,192,4.697916666666667,0
24161,38.25,2.390625,16,12,4,1.0,AAFES Fort Bliss,El Paso,Bldg 611 Breakroom - ,14,1.1428571428571428,1
24163,1304.75,2.438785046728972,535,38,5,1.1102803738317757,La Quinta,El Paso,La Quinta - Remcon - Lobby,193,2.772020725388601,0
24165,548.25,2.023062730627306,271,36,5,1.1402214022140222,University of Texas at El Paso,El Paso,UTEP - Library - Basement,63,4.301587301587301,0
24167,966.0,2.9541284403669725,327,32,6,1.2660550458715596,AAFES Fort Bliss,El Paso,Bldg 2472 Breakroom - ,108,3.0277777777777777,0
24168,1251.25,2.8897228637413397,433,32,5,1.2170900692840647,AAFES Fort Bliss,El Paso,Bldg 20465 Hallway - 20465 Gulf Victory Way,107,4.046728971962617,0
24175,1513.75,2.117132867132867,715,32,5,1.172027972027972,La Quinta,El Paso,#165 - Viscount - 1st Fl I-10 - 9125 Gateway West,217,3.294930875576037,0
24179,1113.25,2.7901002506265664,399,32,5,1.1804511278195489,AAFES Fort Bliss,El Paso,Bldg 2471 Breakroom - ,136,2.9338235294117645,0
24184,367.5,3.223684210526316,114,27,4,1.368421052631579,AAFES Fort Bliss,El Paso,20100 Eagle Way - 20100 Eagle Way,32,3.5625,0
24192,628.75,2.3287037037037037,270,30,5,1.0666666666666667,Toro Irrigation,El Paso,Distribution - Back - 1440 Don Haskins Drive,152,1.7763157894736843,0
24193,38.75,2.1527777777777777,18,10,4,1.0555555555555556,El Paso State Center,El Paso,Bldg 503 Front Canopy - 6700 Delta Drive,10,1.8,1
24195,6835.75,3.225932043416706,2119,32,5,1.479471448796602,Werner Inc,El Paso,Werner - Back Breakroom,217,9.764976958525345,2
24264,111.75,2.4833333333333334,45,19,4,1.1333333333333333,Phelps Dodge/ Freeport McMoran,El Paso,Rod Mill - 6999 N Loop Dr,33,1.3636363636363635,1
24301,669.0,2.3229166666666665,288,27,5,1.0868055555555556,U.S Department of Homeland Security,El Paso,Breakroom Northrop - 6812 Northrop,147,1.9591836734693877,0
24302,137.5,2.0522388059701493,67,20,4,1.1940298507462686,San Elizario ISD,El Paso,Excell Academy Teachers Lounge - 13680 Socorro Road,39,1.7179487179487178,0
24303,464.75,2.3121890547263684,201,27,5,1.0845771144278606,Phelps Dodge/ Freeport McMoran,El Paso,Rod Mill - 6999 N Loop Dr,101,1.99009900990099,0
24304,1543.0,2.4034267912772584,642,31,5,1.132398753894081,Phelps Dodge/ Freeport McMoran,El Paso,Rod Mill - 6999 N Loop Dr,190,3.3789473684210525,0
24305,2914.5,3.0550314465408803,954,32,5,1.4538784067085955,AAFES Fort Bliss,El Paso,Bldg 21107 Hallway - ,141,6.76595744680851,2
24308,5731.5,3.328397212543554,1722,32,5,1.4059233449477353,AAFES Fort Bliss,El Paso,Bldg 1007 Waiting Area - 1007 Chaffee Road,260,6.623076923076923,2
24309,22.75,2.275,10,9,4,1.1,Phelps Dodge/ Freeport McMoran,El Paso,Rod Mill - 6999 N Loop Dr,8,1.25,1
24313,928.0,2.0440528634361232,454,38,5,1.1255506607929515,University of Texas at El Paso,El Paso,Nursing Mesa Hallway - 3333 Mesa Drive,154,2.948051948051948,0
24317,658.5,2.613095238095238,252,27,5,1.2063492063492063,Subaru of El Paso,El Paso,Showroom - 1414 Airway Boulevard,147,1.7142857142857142,0
24318,3709.05,2.223651079136691,1668,29,6,1.3657074340527577,Xerox,El Paso,Xerox - Founders - Front Breakroom,211,7.9052132701421804,2
24323,1436.5,1.930779569892473,744,33,5,1.1586021505376345,Saia Motor Freight,El Paso,SAIA - Break room,201,3.701492537313433,0
24334,1452.75,3.0519957983193278,476,36,5,1.2836134453781514,AAFES Fort Bliss,El Paso,Bldg 20305 Lobby - ,100,4.76,0
24341,575.5,2.2837301587301586,252,26,5,1.0912698412698412,84 Lumber,El Paso,Warehouse - 122 McCutcheon,134,1.8805970149253732,0
24342,210.75,1.7134146341463414,123,26,5,1.0406504065040652,San Elizario ISD,El Paso,Lorenzo Loya Elementary Lounge - 13705 Socorro Road,77,1.5974025974025974,0
24343,1500.75,2.3859300476947536,629,31,6,1.109697933227345,Advanced Care Hospital,El Paso,Advanced Care Hospital - Lobby,215,2.925581395348837,0
24346,3891.25,3.0282101167315174,1285,35,4,1.6715953307392997,University of Texas at El Paso,El Paso,UTEP - Library - Basement,154,8.344155844155845,2
24351,929.75,3.1199664429530203,298,30,6,1.3020134228187918,AAFES Fort Bliss,El Paso,Bldg 21205 Entrance - ,72,4.138888888888889,0
24352,922.75,2.7544776119402985,335,37,4,1.2447761194029852,Sleep Inn,El Paso,Sleep Inn Las Cruces - Lobby - 2121 S Triviz Dr,55,6.090909090909091,0
24359,9696.25,3.588545521835677,2702,34,5,1.9888930025916327,University of Texas at El Paso,El Paso,University of Texas at El Paso - 500 West University Avenue,204,13.245098039215685,2
24361,2051.0,2.6027918781725887,788,32,5,1.281725888324873,AAFES Fort Bliss,El Paso,Bldg 20709 Hallway - ,171,4.608187134502924,0
24362,705.75,2.5115658362989324,281,27,5,1.1459074733096086,Universal Logistics,El Paso,Breakroom - 8820 Castner Drive,154,1.8246753246753247,0
24369,1871.0,3.633009708737864,515,30,5,1.9320388349514563,U.S Department of Homeland Security,El Paso,US Postal Office - George Dieter - 2100 George Dieter,153,3.366013071895425,0
24370,9781.45,4.653401522359657,2102,40,5,2.023311132254995,AAFES Fort Bliss,El Paso,McGregor Range Bldg 9449 - 9449 Ledford,137,15.343065693430656,2
24372,906.5,2.627536231884058,345,30,5,1.1159420289855073,AAFES Fort Bliss,El Paso,Bldg 11603 - ,120,2.875,0
24375,137.75,2.1865079365079363,63,19,5,1.0634920634920635,AAFES Fort Bliss,El Paso,Bldg 11293 2nd floor Hallway - ,48,1.3125,0
24376,1451.75,2.100940665701881,691,36,5,1.1736613603473227,University of Texas at El Paso,El Paso,UTEP - Library - Basement,173,3.994219653179191,0
24378,10423.25,4.563594570928196,2284,40,6,1.9225043782837128,AAFES Fort Bliss,El Paso,McGregor Range Bldg 9451 - 9451 Ledford,163,14.012269938650308,2
24386,1170.25,2.5112660944206007,466,32,5,1.1695278969957081,GCC Sun City Materials,El Paso,GCC - Front Office - 1 McKelligon Canyon Rd,179,2.6033519553072626,0
24394,36.25,4.027777777777778,9,7,2,1.6666666666666667,AAFES Fort Bliss,El Paso,20187 Minue Drive - 20187 Minue Drive,2,4.5,1
24395,1442.25,2.833497053045187,509,40,5,1.180746561886051,AAFES Fort Bliss,El Paso,Bldg 20733 Hallway - 20733 Constitution Avenue,158,3.221518987341772,0
25041,155.75,2.43359375,64,22,5,1.03125,AAFES Fort Bliss,El Paso,McGregor Range Bldg 9512 Warehouse - ,39,1.641025641025641,0
25046,4514.5,4.12283105022831,1095,32,5,1.7406392694063928,AAFES Fort Bliss,El Paso,Bldg 20177 Lobby - 20177 Kasserine Way,104,10.528846153846153,2
25050,1095.75,2.127669902912621,515,27,5,1.174757281553398,University of Texas at El Paso,El Paso,UTEP - Library - Basement,140,3.6785714285714284,0
25051,946.0,2.807121661721068,337,24,4,1.311572700296736,AAFES Fort Bliss,El Paso,Bldg 2474 Breakroom - ,115,2.9304347826086956,0
25062,4613.0,2.8248622167789343,1633,30,6,1.559706062461727,University of Texas at El Paso,El Paso,UTEP - Library - Basement,187,8.732620320855615,2
25107,209.75,1.8561946902654867,113,26,4,1.1238938053097345,San Elizario ISD,El Paso,District Operations Breakroom - 200 Herring Road,51,2.215686274509804,0
25120,1787.75,3.019847972972973,592,30,6,1.4189189189189189,San Jacinto Adult Ctr,El Paso,San Jacinto Adult Learning center - 2nd floor,100,5.92,0
25132,7701.25,2.2920386904761907,3360,33,7,1.4483477225364692,Federal Mogul,El Paso,Federal Mogul - Main breakroom,259,12.972972972972974,2
25139,650.25,2.6649590163934427,244,32,6,1.1885245901639345,AAFES Fort Bliss,El Paso,Bldg 11295 Lobby - ,101,2.4158415841584158,0
25179,203.0,3.123076923076923,65,6,4,1.0769230769230769,Toro Irrigation,El Paso,Wharehouse - Extrusion - 9455 Railroad Drive,47,1.3829787234042554,1
25196,2581.75,3.4015151515151514,759,32,5,1.4334650856389988,AAFES Fort Bliss,El Paso,Bldg 503 Hallway - ,86,8.825581395348838,2
25198,390.0,1.8309859154929577,213,27,5,1.107981220657277,San Elizario ISD,El Paso,Garcia Enriquez Middle School Front Lounge - 12280 Socorro Road,91,2.340659340659341,0
25200,368.25,1.7789855072463767,207,30,5,1.0821256038647342,San Elizario ISD,El Paso,District Operations Breakroom - 200 Herring Road,93,2.225806451612903,0
25209,7761.25,4.6170434265318265,1681,41,5,1.9559785841760857,AAFES Fort Bliss,El Paso,McGregor Range Bldg 9450 - 9450 Vulcan Road,135,12.451851851851853,2
25211,1087.25,2.4823059360730593,438,30,6,1.1073059360730593,Mr Car Wash,El Paso,Osborne - Lobby - 4800 Osborne Drive,188,2.3297872340425534,0
25256,826.75,2.5675465838509317,322,32,5,1.1366459627329193,Kenworth MHC,El Paso,Kenworth - Breakroom,145,2.220689655172414,0
25260,768.0,2.445859872611465,314,31,5,1.1019108280254777,U.S Department of Homeland Security,El Paso,US Postal Office - Yarbrough - 3100 Yarbrough,170,1.8470588235294119,0
25262,1741.25,3.1205197132616487,558,27,5,1.3231597845601437,AAFES Fort Bliss,El Paso,Bldg 13425 East Enrance - 13425 Sergeant Sims Street,139,4.014388489208633,0
25271,827.0,2.3036211699164344,359,32,5,1.1002785515320335,AAFES Fort Bliss,El Paso,Bldg 11896 Breakroom - ,130,2.7615384615384615,0
25381,2675.25,2.175,1230,31,6,1.2471544715447154,Burlington Coat Factory,El Paso,6020 North Mesa Street - ,254,4.84251968503937,0
25385,3087.5,2.625425170068027,1176,38,6,1.1921768707482994,New Mexico Rehab Hospital,El Paso,Breakroom - 4441 Lohman Ave,249,4.72289156626506,0
25386,3794.75,2.6913120567375888,1410,28,5,1.5021276595744681,University of Texas at El Paso,El Paso,UTEP - Library - Basement,224,6.294642857142857,2
25406,3609.5,2.215776550030694,1629,33,6,1.3517495395948436,Burlington Coat Factory,El Paso,Burlington - Yarbrough - 1144 North Yarbrough Drive,264,6.170454545454546,2
25435,913.05,2.40910290237467,379,31,5,1.1108179419525066,Marriott Hotel,El Paso,Breakroom - 1600 Airway Blvd,187,2.0267379679144386,0
25437,1742.66,1.6660229445506693,1046,39,5,1.152963671128107,J.C. PENNEY,El Paso,Joe Battle - 1950 Joe Battle Boulevard,240,4.358333333333333,0
25445,217.75,1.926991150442478,113,26,5,1.168141592920354,San Elizario ISD,El Paso,Administration Breakroom - 1050 Chicken Ranch,68,1.661764705882353,0
25464,224.5,3.680327868852459,61,11,2,1.5737704918032787,Amanecer Community Counseling Center,El Paso,Lobby - 785 Anthony Drive,22,2.772727272727273,1
25475,45011.75,5.725957257346393,7861,36,7,2.6571682991985752,Dismas Charities,El Paso,Dismas Charities - Back,289,27.20069204152249,2
25478,1007.5,2.3817966903073287,423,29,5,1.2907801418439717,AAFES Fort Bliss,El Paso,Bldg 2450 Breakroom - ,142,2.9788732394366195,0
25500,2617.25,3.011795166858458,869,32,5,1.2623705408515535,AAFES Fort Bliss,El Paso,Bldg 21225 Hallway - 21225 Bayonet Avenue,196,4.433673469387755,0
25507,5084.5,2.5270874751491053,2012,34,6,1.4562624254473162,Toro Irrigation,El Paso,Wharehouse - Extrusion - 9455 Railroad Drive,241,8.348547717842324,2
25511,578.5,1.8661290322580646,310,32,5,1.0774193548387097,San Elizario ISD,El Paso,San Elizario High School Back Lounge - 13981 Socorro Road,85,3.6470588235294117,0
25515,1723.25,2.5991704374057316,663,32,5,1.1463046757164403,Star Western Wear,El Paso,Starr Western Wear - Sunland Park Mall - Breakroom,229,2.8951965065502185,0
25518,1167.15,2.4315625,480,33,5,1.1041666666666667,Star Western Wear,El Paso,Starr western wear - Breakroom,172,2.7906976744186047,0
25544,2608.5,2.415277777777778,1080,33,6,1.3314814814814815,University of Texas at El Paso,El Paso,UTEP - Library - Basement,186,5.806451612903226,2
25572,4299.25,3.4256972111553785,1255,32,6,1.4446215139442231,AAFES Fort Bliss,El Paso,Bldg 1003 Waiting Area - 1003 Chaffee Road,194,6.469072164948454,2
25573,6528.75,3.5328733766233764,1848,27,5,1.9783549783549783,University of Texas at El Paso,El Paso,University of Texas at El Paso - 500 West University Avenue,210,8.8,2
25590,1389.0,2.7947686116700203,497,31,5,1.1609657947686116,AAFES Fort Bliss,El Paso,Bldg 11335 1st fl Vending room - 11335 Sergeant Sims Street,133,3.736842105263158,0
25599,6965.25,2.4725772097976573,2817,33,6,1.5260915867944622,Federal Mogul,El Paso,Federal Mogul - Main breakroom,250,11.268,2
25600,1798.75,2.81935736677116,638,40,5,1.1927899686520376,AAFES Fort Bliss,El Paso,Bldg 11335 1st fl Vending room - 11335 Sergeant Sims Street,144,4.430555555555555,0
25605,1149.75,2.410377358490566,477,40,5,1.119496855345912,Toro Irrigation,El Paso,Distribution - Back - 1440 Don Haskins Drive,181,2.6353591160220993,0
25612,603.75,1.9413183279742765,311,28,5,1.0803858520900322,University of Texas at El Paso,El Paso,UTEP - Library - Basement,152,2.0460526315789473,0
25615,3208.5,2.617047308319739,1226,32,5,1.204730831973899,STARR WESTERN WEAR -- OVERLAND,El Paso,Breakroom - 112 E Overland Ave,251,4.884462151394422,0
25617,1357.5,3.709016393442623,366,33,5,1.5655737704918034,AAFES Fort Bliss,El Paso,Bldg 3715 Warehouse - 3715 Tobin Wells Road,51,7.176470588235294,0
25619,66.5,2.891304347826087,23,11,2,1.2608695652173914,El Paso State Center,El Paso,Back - 6700 Delta Drive,11,2.090909090909091,1
25621,505.75,1.9602713178294573,258,17,3,1.12015503875969,University of Texas at El Paso,El Paso,Boquillas Hall Healthy - 500 W Univeristy Ave,135,1.9111111111111112,1
25622,1329.0,2.474860335195531,537,31,5,1.1303538175046555,Stanton Towers,El Paso,Triwest - Breakroom,184,2.9184782608695654,0
25624,1494.75,2.7029837251356237,553,33,5,1.1591320072332731,AAFES Fort Bliss,El Paso,Bldg 2380 Hallway - ,161,3.4347826086956523,0
25627,194.1,2.42625,80,25,5,1.05,AAFES Fort Bliss,El Paso,Bldg P2000 - ,55,1.4545454545454546,0
25629,915.25,2.1739904988123517,421,31,5,1.1971496437054632,La Quinta,El Paso,La Quinta - 1st Fl - 11033 Gateway West Lomaland,155,2.7161290322580647,0
25652,809.0,3.099616858237548,261,32,5,1.3103448275862069,AAFES Fort Bliss,El Paso,Bldg 21221 Lobby - 21221 Bayonet Avenue,59,4.423728813559322,0
25659,3967.75,3.3370479394449117,1189,32,6,1.4028595458368376,AAFES Fort Bliss,El Paso,Bldg 20210 - 20210 Anzio Way,171,6.953216374269005,2
25666,1137.25,1.6131205673758866,705,31,4,1.5900709219858156,Federal Corrections Inst. La Tuna,El Paso,Camp - 8500 Doniphan Road,144,4.895833333333333,0
25668,1372.0,3.168591224018476,433,32,4,1.584295612009238,Federal Corrections Inst. La Tuna,El Paso,Camp - 8500 Doniphan Road,48,9.020833333333334,2
25672,2512.5,3.3679624664879357,746,29,4,1.6916890080428955,Federal Corrections Inst. La Tuna,El Paso,Camp - 8500 Doniphan Road,120,6.216666666666667,0
25673,3715.6,3.247902097902098,1144,28,5,1.617132867132867,Federal Corrections Inst. La Tuna,El Paso,Camp - 8500 Doniphan Road,129,8.868217054263566,2
25678,2.5,2.5,1,1,1,1.0,Federal Corrections Inst. La Tuna,El Paso,Camp - 8500 Doniphan Road,1,1.0,1
25694,1017.75,2.5831218274111674,394,35,4,1.1751269035532994,Plastic Molding Technology Inc.,El Paso,Plastic Molding Technology - Employee entrance,106,3.7169811320754715,0
25698,1282.25,2.6602697095435683,482,32,5,1.1244813278008299,AAFES Fort Bliss,El Paso,Bldg 5800 - ,129,3.7364341085271318,0
25702,2708.75,2.0005539143279174,1354,30,5,1.2909896602658788,Old Dominion Freight Line,El Paso,Breakroom - 300 North Clark Drive,243,5.57201646090535,2
25708,81.5,2.4696969696969697,33,18,4,1.0303030303030303,AAFES Fort Bliss,El Paso,Bldg 1741 Lobby - 1741 Marshall Road,25,1.32,1
25713,776.5,2.043421052631579,380,28,5,1.144736842105263,University of Texas at El Paso,El Paso,UTEP - Library - Basement,153,2.4836601307189543,0
25715,494.5,2.388888888888889,207,30,5,1.0628019323671498,AAFES Fort Bliss,El Paso,Bldg 11334 Back - 11334 Sergeant Sims Street,100,2.07,0
25722,1095.5,2.4344444444444444,450,18,3,1.3911111111111112,University of Texas at El Paso,El Paso,College of Nursing - Breakroom,143,3.1468531468531467,1
25735,1235.0,2.1666666666666665,570,28,5,1.2035087719298245,University of Texas at El Paso,El Paso,UTEP - Library - Basement,142,4.014084507042254,0
25736,2362.5,2.5079617834394905,942,18,3,1.4331210191082802,University of Texas at El Paso,El Paso,UTEP - Library - Basement,158,5.962025316455696,1
25738,522.5,2.1861924686192467,239,32,5,1.0292887029288702,EPISD Transportation,El Paso,1st Floor - 4864 Doniphan Road,123,1.943089430894309,0
25739,33.0,2.357142857142857,14,11,5,1.0,AAFES Fort Bliss,El Paso,516 Pleasonton Road - 516 Pleasonton Road,10,1.4,1
25748,5174.5,2.9217955957086392,1771,27,5,1.6154714850367025,University of Texas at El Paso,El Paso,UTEP - Library - Basement,206,8.597087378640778,2
25757,1513.5,3.1270661157024793,484,32,5,1.3202479338842976,AAFES Fort Bliss,El Paso,Bldg 11210 Brakroom - ,147,3.292517006802721,0
25770,646.5,2.4770114942528734,261,30,5,1.103448275862069,AAFES Fort Bliss,El Paso,Bldg 1124 Kitchen - ,124,2.1048387096774195,0
25772,370.75,2.3317610062893084,159,27,5,1.0566037735849056,GCC Sun City Materials,El Paso,GCC - Front Office - 1 McKelligon Canyon Rd,92,1.7282608695652173,0
25776,5389.75,4.043323330832708,1333,33,6,1.7051762940735185,AAFES Fort Bliss,El Paso,Bldg 20415 Entrance - 20415 Gulf Victory Way,152,8.769736842105264,2
25777,4983.5,2.7172846237731734,1834,35,5,1.504907306434024,University of Texas at El Paso,El Paso,UTEP - Library - Basement,205,8.946341463414635,2
25779,1796.25,2.6930284857571216,667,31,5,1.1349325337331335,AAFES Fort Bliss,El Paso,Bldg 11005 Breakroom - 11005 Biggs Street,190,3.5105263157894737,0
25783,10168.5,3.7384191176470587,2720,32,6,2.085661764705882,Otero County Processing Center,El Paso,Administration - 25 McGregor Range Road,259,10.501930501930502,2
25788,6108.75,4.1840753424657535,1460,33,6,1.8390410958904109,AAFES Fort Bliss,El Paso,Bldg 21027 Hallway - ,138,10.579710144927537,2
25790,2092.75,3.095784023668639,676,31,6,1.735207100591716,University of Texas at El Paso,El Paso,UTEP - Library - Basement,169,4.0,0
25792,840.5,1.8803131991051454,447,30,4,1.1521252796420582,Federal Mogul,El Paso,Federal Mogul - Main breakroom,152,2.9407894736842106,0
25793,1750.0,2.14987714987715,814,19,3,1.2285012285012284,University of Texas at El Paso,El Paso,UTEP - Library - Basement,227,3.5859030837004404,1
25797,99.5,2.1630434782608696,46,21,4,1.3043478260869565,San Elizario ISD,El Paso,Alfonso Borrego Elementary Lounge - 13300 Chicken Ranch Road,15,3.066666666666667,0
25799,4967.5,4.544830741079598,1093,33,5,1.9149130832570906,AAFES Fort Bliss,El Paso,Bldg 20105 - 20105 Eagle Way,125,8.744,2
25802,218.75,2.840909090909091,77,22,5,1.1818181818181819,AAFES Fort Bliss,El Paso,Bldg 2442 Lobby - ,42,1.8333333333333333,0
25804,5693.0,4.677896466721446,1217,32,5,1.9778142974527526,AAFES Fort Bliss,El Paso,Bldg 20115 Hallway - 20115 Kasserine Way,138,8.818840579710145,2
25805,2845.0,3.075675675675676,925,32,5,1.307027027027027,AAFES Fort Bliss,El Paso,Bldg 21265 Hallway - 21265 Light Infantry Ave,167,5.538922155688622,0
25806,919.0,3.003267973856209,306,31,6,1.2450980392156863,AAFES Fort Bliss,El Paso,Bldg 21223 hallway - ,75,4.08,0
25808,1465.0,2.556719022687609,573,31,5,1.1535776614310647,Chelsea Senior Center,El Paso,Chelsea Senior Living - Hallway,194,2.9536082474226806,0
25811,2527.75,2.2875565610859727,1105,36,5,1.262443438914027,University of Texas at El Paso,El Paso,UTEP - Library - Basement,176,6.278409090909091,2
25813,817.15,2.39633431085044,341,29,4,1.2463343108504399,Otero County Processing Center,El Paso,Administration - 25 McGregor Range Road,115,2.965217391304348,0
25817,3230.0,3.5416666666666665,912,32,5,1.5964912280701755,AAFES Fort Bliss,El Paso,Bldg 11190 2nd fl - 11190 Sergeant E Churchill Street,117,7.794871794871795,2
25819,1836.25,2.2338807785888077,822,31,5,1.4026763990267639,Xerox,El Paso,Xerox Market Center - Breakroom,101,8.138613861386139,2
25824,2001.25,2.3324592074592077,858,31,5,1.289044289044289,University of Texas at El Paso,El Paso,UTEP - Library - Basement,226,3.7964601769911503,0
25827,1097.25,2.6125,420,31,6,1.1952380952380952,MPW Holdings,El Paso,Wallner Expac - Warehouse,117,3.58974358974359,0
25828,4619.25,2.2992782478845197,2009,30,5,1.295669487307118,Toro Irrigation,El Paso,Wharehouse - Extrusion - 9455 Railroad Drive,266,7.552631578947368,2
25829,848.5,2.7911184210526314,304,33,5,1.174342105263158,AAFES Fort Bliss,El Paso,Bldg 23087 Breakroom - ,113,2.690265486725664,0
25831,2191.85,3.387712519319938,647,32,5,1.6599690880989182,AAFES Fort Bliss,El Paso,Bldg 2354 Hallway - ,142,4.556338028169014,0
25839,892.25,2.499299719887955,357,30,5,1.1260504201680672,Audi El Paso,El Paso,Hallway - 6318 Montana Avenue,165,2.1636363636363636,0
25841,350.75,1.6702380952380953,210,26,5,1.0857142857142856,University of Texas at El Paso,El Paso,UTEP - Library - Basement,123,1.7073170731707317,0
26113,686.0,3.298076923076923,208,38,4,1.3846153846153846,AAFES Fort Bliss,El Paso,20187 Minue Drive - 20187 Minue Drive,31,6.709677419354839,0
26119,762.0,2.3664596273291925,322,32,6,1.1211180124223603,AAFES Fort Bliss,El Paso,Bldg 2905 Lobby - ,134,2.4029850746268657,0
26129,2040.25,2.109875904860393,967,28,6,1.2419855222337126,Macy's ( East ),El Paso,Macy's - Breakroom,231,4.186147186147186,0
26377,285.0,285.0,1,1,1,4.0,Kenworth MHC,El Paso,Shop Floor - 12500 Rojas Dr,1,1.0,3
26431,97.5,97.5,1,1,1,5.0,Kenworth MHC,El Paso,Shop Floor - 12500 Rojas Dr,1,1.0,1
26529,33.75,3.0681818181818183,11,11,3,1.2727272727272727,AAFES Fort Bliss,El Paso,Bldg 20500 1st Floor - ,1,11.0,1
26915,1414.7,2.35,602,27,6,1.2225913621262459,Otero County Processing Center,El Paso,Administration - 25 McGregor Range Road,214,2.8130841121495327,0
26933,3132.6,2.0568614576493762,1523,39,6,1.267892317793828,Xerox,El Paso,Xerox - Founders - Front Breakroom,245,6.216326530612245,2
26936,1637.0,4.886567164179104,335,12,3,1.4388059701492537,Otero County Prison Facility,El Paso,Visitation - 10 McGregor Range Road,92,3.641304347826087,1
26941,4649.25,2.379350051177073,1954,38,6,1.3254861821903787,University of Texas at El Paso,El Paso,UTEP - Library - Basement,247,7.910931174089069,2
26947,1900.65,2.19728323699422,865,31,6,1.153757225433526,MTC Otero Co. Processing Cntr,El Paso,Ice Lounge - 25 McGregor Range Rd,234,3.6965811965811968,0
26984,4301.25,2.8655896069287143,1501,40,5,1.3177881412391739,AAFES Fort Bliss,El Paso,Bldg 11190 2nd fl - 11190 Sergeant E Churchill Street,185,8.113513513513514,2
27962,1435.75,2.5321869488536155,567,32,6,1.1604938271604939,Santa Teresa Motor Sports,El Paso,Lobby - 910 Livingston Loop,170,3.335294117647059,0
28045,2728.0,2.1964573268921095,1242,40,5,1.1996779388083736,University of Texas at El Paso,El Paso,UTEP - Library - Basement,212,5.8584905660377355,2
28046,10801.0,3.7884952648193617,2851,34,5,2.1031217116801124,University of Texas at El Paso,El Paso,UTEP - Library - Basement,210,13.576190476190476,2
28248,2105.85,1.9810442144873,1063,40,6,1.2135465663217309,Xerox,El Paso,Xerox Market Center - Breakroom,115,9.243478260869566,2
28543,447.5,149.16666666666666,3,3,2,22.0,Kenworth MHC,El Paso,Shop Floor - 12500 Rojas Dr,2,1.5,3
28651,368.95,1.84475,200,13,3,1.05,University of Texas at El Paso,El Paso,Nursing Mesa Hallway - 3333 Mesa Drive,113,1.7699115044247788,1
28652,147.0,2.296875,64,14,2,1.3125,University of Texas at El Paso,El Paso,UTEP - Library - Basement,19,3.3684210526315788,1
28653,959.0,2.010482180293501,477,15,3,1.148846960167715,University of Texas at El Paso,El Paso,UTEP - Library - Basement,163,2.9263803680981595,1
28707,1055.0,6.552795031055901,161,7,2,1.31055900621118,Federal Corrections Inst. La Tuna,El Paso,Camp - 8500 Doniphan Road,61,2.639344262295082,1
28897,5088.25,3.5532472067039107,1432,40,4,1.2772346368715084,HMS Host (EPIA),El Paso,Airport - Maintenance - 6701 Convair Road,138,10.376811594202898,2
28898,4405.25,3.5017885532591415,1258,41,4,1.2567567567567568,HMS Host (EPIA),El Paso,Airport - Maintenance - 6701 Convair Road,139,9.050359712230216,2
28899,4241.79,3.404325842696629,1246,40,4,1.238362760834671,HMS Host (EPIA),El Paso,Airport - Maintenance - 6701 Convair Road,146,8.534246575342467,2
28900,1977.15,3.5688628158844766,554,25,3,1.1913357400722022,HMS Host (EPIA),El Paso,Airport - Maintenance - 6701 Convair Road,132,4.196969696969697,0
33041,1316.25,3.4456806282722514,382,7,2,1.2486910994764397,Star Western Wear,El Paso,Starr western wear - Breakroom,194,1.9690721649484537,1
33064,1316.25,3.519385026737968,374,6,2,1.2780748663101604,Werner Enterprises Inc.,El Paso,Breakroom - 13000 Gateway East,195,1.917948717948718,1
34152,339.75,2.6134615384615385,130,6,2,1.1615384615384616,San Elizario ISD,El Paso,Garcia Enriquez Middle School Front Lounge - 12280 Socorro Road,83,1.5662650602409638,1
34153,335.0,2.9130434782608696,115,5,2,1.0608695652173914,Toro Irrigation,El Paso,Distribution - Back - 1440 Don Haskins Drive,81,1.4197530864197532,1
34986,777.5,3.4100877192982457,228,8,4,1.1491228070175439,TriWest Healthcare Alliance,El Paso,Triwest - Breakroom,149,1.5302013422818792,1
35261,676.0,3.6739130434782608,184,8,3,1.326086956521739,U.S Department of Homeland Security,El Paso,Breakroom Northrop - 6812 Northrop,130,1.4153846153846155,1
35336,872.5,2.231457800511509,391,6,1,1.7851662404092072,Xerox,El Paso,Xerox Market Center - Breakroom,110,3.5545454545454547,1
35337,2718.0,3.516170763260026,773,7,1,2.3441138421733507,Chelsea Senior Center,El Paso,Chelsea Senior Living - Hallway,225,3.4355555555555557,1
35339,2081.75,4.419851380042463,471,7,2,1.6072186836518048,Oak Tree Hotel,El Paso,Oak tree Hotel - Hallway,208,2.264423076923077,1
35531,1471.25,6.843023255813954,215,7,2,2.488372093023256,Federal Corrections Inst. La Tuna,El Paso,Camp - 8500 Doniphan Road,63,3.4126984126984126,1
35535,19.25,9.625,2,2,1,3.5,El Paso State Center,El Paso,Bldg 503 Front Canopy - 6700 Delta Drive,1,2.0,1
35579,2050.1,4.051581027667984,506,11,5,1.608695652173913,Xerox,El Paso,Xerox Market Center - Breakroom,213,2.375586854460094,1
35581,1146.75,5.119419642857143,224,6,2,1.8616071428571428,Federal Corrections Inst. La Tuna,El Paso,Camp - 8500 Doniphan Road,82,2.731707317073171,1
35617,1040.5,3.367313915857605,309,8,3,1.1294498381877023,U.S Department of Homeland Security,El Paso,US Postal Office - George Dieter - 2100 George Dieter,157,1.9681528662420382,1
35691,1688.5,7.964622641509434,212,5,2,2.8962264150943398,Federal Corrections Inst. La Tuna,El Paso,Camp - 8500 Doniphan Road,90,2.3555555555555556,1
35693,5679.25,5.946858638743455,955,8,2,2.1706806282722515,Werner Inc,El Paso,Werner - Back Breakroom,234,4.081196581196581,1
35707,400.75,2.619281045751634,153,8,3,1.1503267973856208,San Elizario ISD,El Paso,San Elizario High School Back Lounge - 13981 Socorro Road,89,1.7191011235955056,1
35710,9897.75,8.261894824707847,1198,7,4,3.0025041736227047,Dismas Charities,El Paso,Dismas Charities TEST - ,277,4.324909747292419,1
35803,2065.0,4.365750528541226,473,7,4,1.3983050847457628,MSD,El Paso,MSD - Breakroom,182,2.598901098901099,1
35805,3718.0,4.343457943925234,856,7,2,1.7348130841121496,Toro Irrigation,El Paso,Wharehouse - Extrusion - 9455 Railroad Drive,231,3.705627705627706,1
35839,8325.0,5.895892351274788,1412,6,1,3.9305949008498584,Dismas Charities - Las Cruces,El Paso,Dismas Las Cruces Outside - ,246,5.739837398373984,1
35840,1393.0,4.738095238095238,294,6,3,1.6734693877551021,Red Roof Inn - East,El Paso,Red Roof Inn - 3rd Floor,116,2.5344827586206895,1
35858,465.75,2.9292452830188678,159,6,2,1.3018867924528301,San Elizario ISD,El Paso,San Elizario High School Back Lounge - 13981 Socorro Road,95,1.6736842105263159,1
35859,1079.0,3.620805369127517,298,6,2,1.348993288590604,U.S Department of Homeland Security,El Paso,US Customs - 6070 Gateway Blvd East,159,1.8742138364779874,1
35860,231.0,3.347826086956522,69,7,2,1.2173913043478262,Plastic Molding Technology Inc.,El Paso,Plastic Molding Technology - Employee entrance,46,1.5,1
35872,2454.0,2.681967213114754,915,7,1,1.7879781420765026,Toro Irrigation,El Paso,Wharehouse - Extrusion - 9455 Railroad Drive,267,3.4269662921348316,1
35953,634.0,2.756521739130435,230,6,3,1.3782608695652174,Federal Mogul,El Paso,Federal Mogul - Main breakroom,145,1.5862068965517242,1
35981,822.5,1.9039351851851851,432,6,1,1.5231481481481481,Federal Corrections Inst. La Tuna,El Paso,Camp - 8500 Doniphan Road,205,2.107317073170732,1
35983,2822.0,3.479654747225647,811,7,1,2.44636251541307,Toro Irrigation,El Paso,Wharehouse - Extrusion - 9455 Railroad Drive,230,3.526086956521739,1
35996,42.75,2.25,19,6,2,1.0,San Elizario ISD,El Paso,Garcia Enriquez Middle School Front Lounge - 12280 Socorro Road,18,1.0555555555555556,1
36014,17771.5,9.265641293013555,1918,8,2,3.3686131386861313,Dismas Charities,El Paso,Dismas Charities - Back,274,7.0,1
36016,1444.5,3.566666666666667,405,8,3,1.254320987654321,U.S Department of Homeland Security,El Paso,US Postal Office - Remcon - 7383 Remcon Circle,202,2.004950495049505,1
36070,820.5,2.12015503875969,387,6,1,1.4134366925064599,Hoy Fox Group,El Paso,Hoy Fox - Acura - Shop,178,2.1741573033707864,1
36084,1307.6,2.027286821705426,645,6,1,1.6031007751937985,Xerox,El Paso,Xerox - Founders - Front Breakroom,213,3.028169014084507,1
36085,2392.0,2.986267166042447,801,8,2,1.4332084893882646,Steris,El Paso,Steris - Don Haskins - Breakroom,247,3.242914979757085,1
36086,705.0,2.288961038961039,308,5,2,1.4350649350649352,Kenworth MHC,El Paso,Kenworth - Breakroom,163,1.8895705521472392,1
36373,472.0,1.95850622406639,241,4,1,1.2946058091286308,Star Western Wear,El Paso,Starr western wear - Breakroom,152,1.5855263157894737,1
36374,877.5,2.4648876404494384,356,7,1,1.6432584269662922,Regus,El Paso,7th Floor - 211 North Kansas Street,190,1.8736842105263158,1
36404,1449.75,5.752976190476191,252,8,4,2.003968253968254,Plastic Molding Technology Inc.,El Paso,Plastic Molding Technology - Employee entrance,87,2.896551724137931,1
36580,5514.0,5.27151051625239,1046,6,3,1.812619502868069,Federal Mogul,El Paso,Federal Mogul - Main breakroom,248,4.217741935483871,1
36581,474.0,1.72992700729927,274,7,1,1.1532846715328466,Hoy Fox Group,El Paso,Hoy Fox - Acura - Shop,149,1.8389261744966443,1
36583,3969.0,6.280063291139241,632,7,3,2.2816455696202533,Western Precast,El Paso,Western Precast - Breakroom,207,3.0531400966183573,1
36585,1111.5,2.223,500,6,1,1.4849699398797596,Housing Authority,El Paso,Father Pinto - Housing Authority - Hallway,202,2.4752475247524752,1
36586,704.75,2.181888544891641,323,7,1,1.4458204334365325,Toro Irrigation,El Paso,Distribution - Back - 1440 Don Haskins Drive,135,2.3925925925925924,1
36592,3940.0,5.97875569044006,659,7,2,2.3899848254931713,Toro Irrigation,El Paso,Wharehouse - Extrusion - 9455 Railroad Drive,212,3.108490566037736,1
36602,691.0,4.732876712328767,146,6,3,1.8630136986301369,Xerox,El Paso,Xerox Market Center - Breakroom,75,1.9466666666666668,1
36806,1356.75,1.9806569343065694,685,8,2,1.381021897810219,Sam's Club,El Paso,Gateway Store - 9498 Gateway North Boulevard,248,2.7620967741935485,1
36808,1839.0,4.643939393939394,396,7,4,1.6868686868686869,Audi El Paso,El Paso,Hallway - 6318 Montana Avenue,173,2.2890173410404624,1
36809,1823.0,3.805845511482255,479,8,4,1.3382045929018789,Oveana,El Paso,First Floor Breakroom - 2211 East Missouri Avenue,198,2.419191919191919,1
36810,850.25,3.7957589285714284,224,8,3,1.3258928571428572,GCC Sun City Materials,El Paso,GCC - Front Office - 1 McKelligon Canyon Rd,136,1.6470588235294117,1
36811,928.75,3.7299196787148596,249,8,5,1.285140562248996,Stanton Towers,El Paso,Triwest - Breakroom,141,1.7659574468085106,1
36812,11535.45,7.116255397902529,1621,8,4,3.013571869216533,Otero County Processing Center,El Paso,Administration - 25 McGregor Range Road,260,6.234615384615385,1
37094,5362.0,4.559523809523809,1176,7,1,2.2797619047619047,Federal Mogul,El Paso,Federal Mogul - Main breakroom,257,4.575875486381323,1
37095,3116.0,3.350537634408602,930,5,1,1.675268817204301,Federal Mogul,El Paso,Federal Mogul - Main breakroom,250,3.72,1
37096,5710.0,4.345509893455099,1314,7,2,2.1727549467275495,Federal Mogul,El Paso,Federal Mogul - Main breakroom,262,5.015267175572519,1
37111,1199.5,4.346014492753623,276,8,4,1.4891304347826086,Otero County Processing Center,El Paso,Administration - 25 McGregor Range Road,103,2.679611650485437,1
37112,418.0,3.3174603174603177,126,5,2,1.2063492063492063,FPI Management,El Paso,Sun Hollow Apt - Office - 1601 North Lee Trevino,87,1.4482758620689655,1
37117,2260.5,3.73019801980198,606,8,5,1.3564356435643565,Star Western Wear,El Paso,Starr Western Wear - Sunland Park Mall - Breakroom,238,2.546218487394958,1
37119,8066.5,7.280234657039712,1108,8,5,2.916967509025271,Toro Irrigation,El Paso,Wharehouse - Extrusion - 9455 Railroad Drive,238,4.65546218487395,1
37348,1641.25,2.1150128865979383,776,6,2,1.6649484536082475,Burlington Coat Factory,El Paso,Mesa Breakroom - 6020 North Mesa Street,261,2.9731800766283527,1
37350,4037.4,3.6112701252236135,1118,14,6,1.4481216457960644,Otero County Prison Facility,El Paso,Visitation - 10 McGregor Range Road,144,7.763888888888889,2
37351,1564.75,5.752757352941177,272,5,2,2.0919117647058822,Federal Corrections Inst. La Tuna,El Paso,Camp - 8500 Doniphan Road,83,3.2771084337349397,1
37352,3493.1,4.138744075829384,844,8,5,1.6054502369668247,Otero County Prison Facility,El Paso,Visitation - 10 McGregor Range Road,251,3.362549800796813,1
37353,73.0,2.7037037037037037,27,5,3,1.1851851851851851,San Elizario ISD,El Paso,Excell Academy Teachers Lounge - 13680 Socorro Road,22,1.2272727272727273,1
37354,1588.0,2.532695374800638,627,6,2,1.5661881977671452,Saia Motor Freight,El Paso,SAIA - Break room,229,2.7379912663755457,1
37403,2938.5,3.8462041884816753,764,6,2,1.7094240837696335,Macy's ( East ),El Paso,Macy's - Breakroom,255,2.996078431372549,1
37409,3657.1,4.6587261146496814,785,8,5,1.7171974522292994,Otero County Prison Facility,El Paso,Visitation - 10 McGregor Range Road,198,3.9646464646464645,1
37410,7886.5,7.302314814814815,1080,6,1,4.8314814814814815,Dismas Charities,El Paso,Dismas Charities - Back,216,5.0,1
37425,514.25,3.2342767295597485,159,7,2,1.1761006289308176,Mr Car Wash,El Paso,Mesa - Lobby - 6237 North Mesa,124,1.282258064516129,1
37426,601.0,3.687116564417178,163,6,4,1.1901840490797546,FPI Management,El Paso,La Privada Apts - Office - 9030 Betel,113,1.4424778761061947,1
37427,437.5,2.025462962962963,216,6,1,1.3425925925925926,Toro Irrigation,El Paso,Distribution - Back - 1440 Don Haskins Drive,125,1.728,1
37457,1626.75,2.0591772151898735,790,6,1,1.7556962025316456,J.C. PENNEY,El Paso,Cielo Vista Brkrm - JCPenney Cielo Vista,254,3.1102362204724407,1
37458,2923.25,8.473188405797101,345,6,4,3.081159420289855,Federal Corrections Inst. La Tuna,El Paso,Camp - 8500 Doniphan Road,91,3.791208791208791,1
37474,795.6,3.356962025316456,237,6,6,1.2911392405063291,Otero County Processing Center,El Paso,Administration - 25 McGregor Range Road,141,1.6808510638297873,0
37475,2186.6,3.8294220665499124,571,6,6,1.4728546409807355,MTC Otero Co. Processing Cntr,El Paso,Ice Lounge - 25 McGregor Range Rd,229,2.493449781659389,0
37484,1200.6000000000001,3.8604501607717046,311,6,3,1.292604501607717,Otero County Processing Center,El Paso,Ice Lounge - 25 McGregor Range Rd,161,1.9316770186335404,1
37505,2002.0,3.7773584905660376,530,6,1,1.3735849056603773,STARR WESTERN WEAR -- OVERLAND,El Paso,Breakroom - 112 E Overland Ave,233,2.274678111587983,1
37525,1680.75,4.4700797872340425,376,6,3,1.553191489361702,Federal Corrections Inst. La Tuna,El Paso,Camp - 8500 Doniphan Road,194,1.9381443298969072,1
37527,602.0,1.88125,320,6,1,1.25,Toro Irrigation,El Paso,Distribution - Back - 1440 Don Haskins Drive,170,1.8823529411764706,1
37531,2959.5,4.457078313253012,664,8,2,1.4743975903614457,Subaru of El Paso,El Paso,Showroom - 1414 Airway Boulevard,225,2.951111111111111,1
37533,1926.0,2.6937062937062937,715,7,2,1.697902097902098,Housing Authority,El Paso,Texas Lobby - Housing Authority - Mail box lobby,265,2.69811320754717,1
37545,1712.0,3.230188679245283,530,6,1,1.5849056603773586,Steris,El Paso,Isomedix - 1435 Isomedix Place,222,2.3873873873873874,1
37570,585.25,3.727707006369427,157,6,2,1.2611464968152866,Werner Socorro,El Paso,Back Breakroom - 9231 Socorro Logistics Lane,105,1.4952380952380953,1
37575,496.5,3.424137931034483,145,7,2,1.1310344827586207,GCC Sun City Materials,El Paso,GCC - Front Office - 1 McKelligon Canyon Rd,107,1.355140186915888,1
37580,3018.25,4.399781341107872,686,9,4,1.501457725947522,C3i Solutions,El Paso,C3i - Breakroom,214,3.205607476635514,1
37582,1609.0,3.173570019723866,507,7,5,1.3905325443786982,J.C. PENNEY,El Paso,Cielo Vista Brkrm - JCPenney Cielo Vista,224,2.263392857142857,1
37610,9992.5,9.701456310679612,1030,6,2,3.595145631067961,Werner Inc,El Paso,Werner - Back Breakroom,241,4.273858921161826,1
37611,506.25,1.8016014234875444,281,6,1,1.195729537366548,U.S Department of Homeland Security,El Paso,US Postal Office - Yarbrough - 3100 Yarbrough,178,1.5786516853932584,1
37612,3407.0,4.285534591194969,795,7,2,1.5572327044025158,MSD,El Paso,MSD - Breakroom,216,3.6805555555555554,1
37614,1926.53,3.8998582995951416,494,8,3,2.431174089068826,Master Fibers Recycling,El Paso,Breakroom - 1710 East Paisano,138,3.579710144927536,1
37637,764.75,3.325,230,6,3,1.1695652173913043,FPI Management,El Paso,Lake Fairway Apts - Pool - 1642 Lomaland,163,1.4110429447852761,1
37641,2438.5,3.5755131964809386,682,8,3,1.4090909090909092,J.C. PENNEY,El Paso,Joe Battle - 1950 Joe Battle Boulevard,249,2.7389558232931726,1
37642,2887.5,2.5351185250219492,1139,8,2,1.7963125548726953,Burlington Coat Factory,El Paso,Burlington - Yarbrough - 1144 North Yarbrough Drive,260,4.380769230769231,1
37644,3415.4500000000003,4.105108173076923,832,15,3,1.828125,Xerox,El Paso,Xerox Market Center - Breakroom,210,3.961904761904762,1
37645,2069.8,3.496283783783784,592,7,2,1.491554054054054,Xerox,El Paso,Xerox - Founders - Front Breakroom,197,3.00507614213198,1
37838,2561.75,3.3097545219638245,774,15,4,1.107235142118863,Mr Car Wash,El Paso,Osborne - Lobby - 4800 Osborne Drive,217,3.5668202764976957,1
37903,811.75,3.8654761904761905,210,8,2,1.2,84 Lumber,El Paso,Warehouse - 122 McCutcheon,138,1.5217391304347827,1
37927,719.0,3.4238095238095236,210,8,3,1.1571428571428573,Drive Time,El Paso,Drive Time - Lobby,133,1.5789473684210527,1
37928,4300.0,4.321608040201005,995,8,2,1.9085427135678392,Old Dominion Freight Line,El Paso,Breakroom - 300 North Clark Drive,230,4.326086956521739,1
37931,4482.75,4.809817596566524,932,8,4,1.8798283261802575,VA Wellness Center,El Paso,"VA Wellness Center, South Central El Paso - 350 Revere Street",191,4.87958115183246,1
37932,510.25,3.169254658385093,161,8,3,1.093167701863354,Amanecer Community Counseling Center,El Paso,Lobby - 785 Anthony Drive,96,1.6770833333333333,1
37945,956.25,2.9153963414634148,328,8,4,1.2530487804878048,Universal Logistics,El Paso,Breakroom - 8820 Castner Drive,174,1.8850574712643677,1
37952,99.5,2.926470588235294,34,6,3,1.2941176470588236,San Elizario ISD,El Paso,Administration Breakroom - 1050 Chicken Ranch,26,1.3076923076923077,1
37953,319.0,2.4921875,128,6,3,1.09375,San Elizario ISD,El Paso,District Operations Breakroom - 200 Herring Road,92,1.391304347826087,1
37967,234.0,3.9,60,6,2,1.7333333333333334,San Elizario ISD,El Paso,District Operations Breakroom - 200 Herring Road,36,1.6666666666666667,1
37968,315.0,2.889908256880734,109,6,2,1.2844036697247707,San Elizario ISD,El Paso,Lorenzo Loya Elementary Lounge - 13705 Socorro Road,69,1.5797101449275361,1
37969,76.5,2.55,30,6,2,1.1333333333333333,San Elizario ISD,El Paso,Alfonso Borrego Elementary Lounge - 13300 Chicken Ranch Road,18,1.6666666666666667,1
37970,549.0,2.8010204081632653,196,6,2,1.2448979591836735,San Elizario ISD,El Paso,Lorenzo Alarcon Elementary Lounge - 12501 Socorro Road,93,2.10752688172043,1
37972,1898.75,4.145742358078603,458,6,3,1.4213973799126638,Oveana,El Paso,First Floor Breakroom - 2211 East Missouri Avenue,186,2.4623655913978495,1
37973,2817.5,4.735294117647059,595,8,3,1.7210084033613446,MPW Holdings,El Paso,Wallner Expac - Warehouse,217,2.7419354838709675,1
37974,2782.5,4.08590308370044,681,8,3,1.6328928046989721,Kenworth MHC,El Paso,MHC Kenworth El Paso - Breakroom,246,2.768292682926829,1
37989,2159.0,3.862254025044723,559,8,3,1.5277280858676208,Kenworth MHC,El Paso,MHC Kenworth El Paso - Breakroom,192,2.9114583333333335,1
37990,156.0,2.943396226415094,53,7,3,1.0943396226415094,TXDOT West Area Office,El Paso,Breakroom - 4201 Hondo Pass Dr,46,1.1521739130434783,1
38189,3303.75,3.5524193548387095,930,20,9,1.2860215053763442,Red Roof Inn - East,El Paso,Red Roof Inn - 3rd Floor,131,7.099236641221374,2
38198,2636.75,5.060940499040307,521,8,4,1.817658349328215,Red Roof Inn - East,El Paso,Red Roof Inn - 3rd Floor,130,4.007692307692308,1
38199,1583.0,4.289972899728998,369,8,4,1.5365853658536586,Red Roof Inn - East,El Paso,Red Roof Inn - 3rd Floor,133,2.774436090225564,1
740060,212.5,70.83333333333333,3,3,2,7.0,TECHNIMARK,El Paso,TECHNIMARK - 425-B Pan American Drive,2,1.5,1
